{
  "lang":"en",
  "name":"pipeline",
  "version":"0.0.0",
  "spacy_version":">=3.8.4,<3.9.0",
  "description":"",
  "author":"",
  "email":"",
  "url":"",
  "license":"",
  "spacy_git_version":"85cc763",
  "vectors":{
    "width":0,
    "vectors":0,
    "keys":0,
    "name":null,
    "mode":"default"
  },
  "labels":{
    "tok2vec":[

    ],
    "ner":[
      "CODE",
      "DATETIME",
      "DEM",
      "LOC",
      "MISC",
      "ORG",
      "PERSON",
      "QUANTITY"
    ]
  },
  "pipeline":[
    "tok2vec",
    "ner"
  ],
  "components":[
    "tok2vec",
    "ner"
  ],
  "disabled":[

  ],
  "performance":{
    "ents_f":0.8229792682,
    "ents_p":0.861070804,
    "ents_r":0.788115103,
    "ents_per_type":{
      "CODE":{
        "p":0.9923633441,
        "r":0.9805401112,
        "f":0.9864163004
      },
      "ORG":{
        "p":0.7325876212,
        "r":0.760842627,
        "f":0.7464478383
      },
      "DEM":{
        "p":0.6985446985,
        "r":0.3642276423,
        "f":0.4788029925
      },
      "PERSON":{
        "p":0.9125117592,
        "r":0.8374703216,
        "f":0.8733821047
      },
      "DATETIME":{
        "p":0.92001997,
        "r":0.9409722222,
        "f":0.9303781491
      },
      "LOC":{
        "p":0.8777315297,
        "r":0.8611536498,
        "f":0.8693635661
      },
      "QUANTITY":{
        "p":0.6995412844,
        "r":0.4082998661,
        "f":0.5156382079
      },
      "MISC":{
        "p":0.0412371134,
        "r":0.0028268551,
        "f":0.0052910053
      }
    },
    "tok2vec_loss":24710.2565303147,
    "ner_loss":8235.765625
  }
}